"meanfreq","sd","median","Q25","Q75","IQR","skew","kurt","sp.ent","sfm","mode","centroid","meanfun","minfun","maxfun","meandom","mindom","maxdom","dfrange","modindx","label"
0.0597809849598081,0.0642412677031359,0.032026913372582,0.0150714886459209,0.0901934398654331,0.0751219512195122,12.8634618371626,274.402905502067,0.893369416700807,0.491917766397811,0,0.0597809849598081,0.084279106440321,0.0157016683022571,0.275862068965517,0.0078125,0.0078125,0.0078125,0,0,"male"
0.066008740387572,0.0673100287952527,0.040228734810579,0.0194138670478914,0.0926661901358113,0.0732523230879199,22.4232853628204,634.613854542068,0.892193242265734,0.513723842537073,0,0.066008740387572,0.107936553670454,0.0158259149357072,0.25,0.00901442307692308,0.0078125,0.0546875,0.046875,0.0526315789473684,"male"
